Mon Oct  3 15:26:22 2022,HR 13 H 0025
Mon Oct  3 15:26:25 2022,NHO 1BR2286
Mon Oct  3 15:26:29 2022,MH 20 EE 7598
Mon Oct  3 15:26:32 2022,DL7C N 5617
Mon Oct  3 15:26:35 2022,APO5 BL 6339
Mon Oct  3 15:26:40 2022,IND
Mon Oct  3 15:26:43 2022,KA 03 MW 0400
Mon Oct  3 15:26:46 2022,MH13 BN8454
Mon Oct  3 15:27:11 2022,IND
Mon Oct  3 15:27:15 2022,ML 05 $ 7595
Mon Oct  3 15:27:19 2022,MHIZ DE4433
Mon Oct  3 18:26:36 2022,HR 13 H 0025
Mon Oct  3 18:28:26 2022,NHO 1BR2286
Mon Oct  3 18:29:09 2022,MH 20 EE 7598
Mon Oct  3 18:29:52 2022,DL7C N 5617
Mon Oct  3 18:30:39 2022,APO5 BL 6339
Mon Oct  3 18:30:47 2022,IND
Mon Oct  3 18:31:26 2022,KA 03 MW 0400
Mon Oct  3 18:32:41 2022,MH13 BN8454
Mon Oct  3 18:32:48 2022,IND
Mon Oct  3 18:33:01 2022,ML 05 $ 7595
Mon Oct  3 18:33:07 2022,MHIZ DE4433
